<?xml version="1.0" encoding="UTF-8"?>
<!DOCTYPE manifest PUBLIC "-//MECA//DTD Manifest v1.0//en" "MECA_manifest.dtd">
<manifest manifest-version="1" xmlns="https://manuscriptexchange.org/schema/manifest" xmlns:xlink="http://www.w3.org/1999/xlink">
  <item item-type="article-metadata">
    <instance media-type="text/xml" xlink:href="index.xml"/>
  </item>
  <item item-type="manuscript">
    <instance media-type="application/pdf" xlink:href="index_pdf.pdf"/>
  </item>
  <item item-type="manuscript">
    <instance media-type="application/vnd.openxmlformats-officedocument.wordprocessingml.document" xlink:href="index.docx"/>
  </item>
  <item item-type="manuscript">
    <instance media-type="text/plain" xlink:href="_tex/index.tex"/>
  </item>
  <item item-type="manuscript-supporting-file">
    <instance media-type="image/png" xlink:href="index_files/figure-jats/fig-training-parameters-output-1.png"/>
  </item>
  <item item-type="manuscript-supporting-file">
    <instance media-type="application/pdf" xlink:href="_tex/index_files/figure-pdf/fig-training-parameters-output-1.pdf"/>
  </item>
  <item item-type="manuscript-supporting-file">
    <instance media-type="application/octet-stream" xlink:href="_tex/references.bib"/>
  </item>
  <item item-type="manuscript-supporting-file">
    <instance media-type="application/octet-stream" xlink:href="index.qmd"/>
  </item>
  <item item-type="article-source">
    <instance media-type="application/octet-stream" xlink:href="source/.gitignore"/>
  </item>
  <item item-type="article-source">
    <instance media-type="application/json" xlink:href="source/.vscode/settings.json"/>
  </item>
  <item item-type="article-source">
    <instance media-type="text/markdown" xlink:href="source/README.md"/>
  </item>
  <item item-type="article-source">
    <instance media-type="application/octet-stream" xlink:href="source/_quarto.yml"/>
  </item>
  <item item-type="article-source">
    <instance media-type="application/octet-stream" xlink:href="source/chicago-author-date.csl"/>
  </item>
  <item item-type="article-source">
    <instance media-type="application/octet-stream" xlink:href="source/data/training_params_experiment.csv"/>
  </item>
  <item item-type="article-source">
    <instance media-type="application/octet-stream" xlink:href="source/data/training_params_experiment_2.csv"/>
  </item>
  <item item-type="article-source">
    <instance media-type="application/octet-stream" xlink:href="source/index.qmd"/>
  </item>
  <item item-type="article-source">
    <instance media-type="application/octet-stream" xlink:href="source/references.bib"/>
  </item>
  <item item-type="article-source-environment">
    <instance media-type="text/plain" xlink:href="source/requirements.txt"/>
  </item>
  <item item-type="article-source-directory">
    <instance media-type="application/x-directory" xlink:href="source"/>
  </item>
</manifest>