<?xml version="1.0" encoding="utf-8" ?>
<!DOCTYPE article PUBLIC "-//NLM//DTD JATS (Z39.96) Journal Archiving
and Interchange DTD v1.2 20190208//EN" "JATS-archivearticle1.dtd">

<article xmlns:mml="http://www.w3.org/1998/Math/MathML" xmlns:xlink="http://www.w3.org/1999/xlink" dtd-version="1.2" article-type="other">

<front>


<article-meta>


<title-group>
<article-title>Tree object detection using airborne images and LiDAR
point clouds</article-title>
</title-group>

<contrib-group>
<contrib contrib-type="author" corresp="yes">
<name>
<surname>Bry</surname>
<given-names>Alexandre</given-names>
</name>
<string-name>Alexandre Bry</string-name>

<email>alexandre.bry.21@polytechnique.org</email>
<role vocab="https://credit.niso.org" vocab-term="writing – original
draft" vocab-term-identifier="https://credit.niso.org/contributor-roles/writing-original-draft/">writing</role>
<xref ref-type="aff" rid="aff-1">a</xref>
<xref ref-type="aff" rid="aff-2">b</xref>
<xref ref-type="corresp" rid="cor-1">&#x002A;</xref>
</contrib>
</contrib-group>
<aff id="aff-1">
<institution-wrap>
<institution>École polytechnique</institution>
</institution-wrap>

<city>Palaiseau</city>

<country>France</country>


<ext-link ext-link-type="uri" xlink:href="https://portail.polytechnique.edu/informatique/fr/page-daccueil">https://portail.polytechnique.edu/informatique/fr/page-daccueil</ext-link>
</aff>
<aff id="aff-2">
<institution content-type="dept">Research</institution>
<institution-wrap>
<institution>Geodan B.V.</institution>
</institution-wrap>

<city>Amsterdam</city>

<country>Netherlands</country>


<ext-link ext-link-type="uri" xlink:href="https://research.geodan.nl/">https://research.geodan.nl/</ext-link>
</aff>
<author-notes>
<corresp id="cor-1">alexandre.bry.21@polytechnique.org</corresp>
</author-notes>









<history></history>


<abstract>
<p>This is the abstract. It can be on multiple lines and containing
<bold>Markdown</bold>.</p>
</abstract>
<kwd-group kwd-group-type="author">
<kwd>tree detection</kwd>
<kwd>deep learning</kwd>
</kwd-group>




</article-meta>

</front>

<body>
<sec id="introduction">
  <title>Introduction</title>
  <p>The goal of the internship was to study the possibility of
  combining LiDAR point clouds and aerial images in a deep learning
  model to perform instance segmentation of trees. The two types of data
  are indeed complementary, as point clouds capture the shape of the
  worlds, while images capture the colors. However, combining them into
  a format that allows a model to handle them simultaneously is not an
  easy task because they inherently have a very different spatial
  repartition and encoding.</p>
  <p>The second major topic of the internship was to acquire a proper
  dataset matching all the criteria required for the project. Most of
  the datasets containing tree annotations only used either RGB images
  or LiDAR point clouds, but not both. Therefore, I had to create such a
  dataset by myself, using the openly available images and point clouds
  in the Netherlands, by annotating trees by hand to properly train and
  evaluate the methods.</p>
</sec>
<sec id="state-of-the-art">
  <title>State-of-the-art</title>
  <sec id="datasets">
    <title>Datasets</title>
    <sec id="requirements">
      <title>Requirements</title>
      <p>Before presenting the different promising datasets and the
      reasons why they were not fully usable for the project, let’s
      enumerate the different conditions and requirements for the tree
      instance segmentation task:</p>
      <list list-type="bullet">
        <list-item>
          <p>Multiple types of data:</p>
          <list list-type="bullet">
            <list-item>
              <p>Aerial RGB images</p>
            </list-item>
            <list-item>
              <p>LiDAR point clouds (preferably aerial)</p>
            </list-item>
            <list-item>
              <p>(Optional) Aerial infrared images</p>
            </list-item>
          </list>
        </list-item>
        <list-item>
          <p>Tree crown annotations or bounding boxes</p>
        </list-item>
        <list-item>
          <p>High-enough resolution:</p>
          <list list-type="bullet">
            <list-item>
              <p>For images, about 25 cm</p>
            </list-item>
            <list-item>
              <p>For point clouds, about 10 cm</p>
            </list-item>
          </list>
        </list-item>
      </list>
      <p>Here are the explanations for these requirements. As for the
      types of data, RGB images and point clouds are required to
      experiment on the ability of the model to combine the two very
      different kinds of information they hold. Having infrared data as
      well could be beneficial, but it was not necessary. Regarding tree
      annotations, it was necessary to have a way to spatially identify
      them individually, using crown contours or simply bounding boxes.
      Since the model outputs bounding boxes, any kind of other format
      could easily be transformed to bounding boxes. Finally, the
      resolution had to be high enough to identify individual trees and
      be able to really use the data. For the point clouds especially,
      the whole idea was to see if and how the topology of the trees
      could be learnt, using at least the trunks and even the biggest
      branches if possible. Therefore, even if they are not really
      comparable, this is the reason why the required resolution is more
      precise for the point clouds.</p>
      <p>Unfortunately, none of the datasets that I found matched all
      these criteria. Furthermore, I didn’t find any overlapping
      datasets that I could merge to create a dataset with all the
      required types of data. In the next parts, I will go through the
      different kinds of datasets that exist, the reasons why they did
      not really fit for the project and the ideas I got when searching
      for a way to use them.</p>
    </sec>
    <sec id="existing-tree-datasets">
      <title>Existing tree datasets</title>
      <p>As explained above, there were quite a lot of requirements to
      fulfill to have a complete dataset usable for the task. This means
      that almost all the available datasets were missing something, as
      they were mainly focusing on using one kind of data and trying to
      make the most out of it, instead of trying to use all the types of
      data together.</p>
      <p>The most comprehensive list of tree annotations datasets was
      published in Ouaknine et al.
      (<xref alt="2023" rid="ref-OpenForest" ref-type="bibr">2023</xref>).
      Without enumerating all of them, there were multiple kinds of
      datasets that all have their own flaws regarding the requirements
      I was looking for.</p>
      <p>Firstly, there are the forest inventories. Jucker et al.
      (<xref alt="2022" rid="ref-TALLO" ref-type="bibr">2022</xref>) is
      probably the most interesting one in this category, because it
      contains a lot of spatial information about almost 500K trees,
      with their locations, their crown radii and their heights.
      Therefore, everything needed to localize trees is in the dataset.
      However, I didn’t manage to find RGB images or LiDAR point clouds
      of the areas where the trees are located, making it impossible to
      use these annotations to train tree detection.</p>
      <p>Secondly, there are the RGB datasets. Reiersen et al.
      (<xref alt="2022" rid="ref-ReforesTree" ref-type="bibr">2022</xref>)
      and B. Weinstein
      (<xref alt="2023" rid="ref-MillionTrees" ref-type="bibr">2023</xref>)
      are two of them and the quality of their images are high. The only
      drawback of these datasets is obviously that they don’t provide
      any kind of point cloud, which make them unsuitable for the
      task.</p>
      <p>Thirdly, there are the LiDAR datasets, such as Kalinicheva et
      al.
      (<xref alt="2022" rid="ref-WildForest3D" ref-type="bibr">2022</xref>)
      and Puliti et al.
      (<xref alt="2023" rid="ref-FOR-instance" ref-type="bibr">2023</xref>).
      Similarly to RGB datasets, they lack one of the data source for
      the task I worked on. But unlike them, they have the advantage
      that the missing data can be much easier to acquire from another
      source, since RGB aerial or satellite images are much more common
      than LiDAR point clouds. However, this solution was abandoned for
      two main reasons. First it is quite challenging to find the exact
      locations where the point clouds were acquired. Then, even when
      the location is known, it is often in the middle of a forest where
      the quality of satellite imagery is very low.</p>
      <list list-type="bullet">
        <list-item>
          <p>OpenForest Ouaknine et al.
          (<xref alt="2023" rid="ref-OpenForest" ref-type="bibr">2023</xref>):
          list of all the openly available forest monitoring
          datasets</p>
        </list-item>
        <list-item>
          <p>FoMo-Bench Bountos, Ouaknine, and Rolnick
          (<xref alt="2023" rid="ref-FoMo-Bench" ref-type="bibr">2023</xref>):
          benchmark for forest monitoring</p>
        </list-item>
        <list-item>
          <p>NEON B. G. Weinstein et al.
          (<xref alt="2019" rid="ref-NEON" ref-type="bibr">2019</xref>):
          LiDAR and RGB but quality was too low for me at the
          beginning</p>
        </list-item>
        <list-item>
          <p>MDAS Hu et al.
          (<xref alt="2023" rid="ref-MDAS" ref-type="bibr">2023</xref>):
          RGB, hyperspectral and DSM, no LiDAR.</p>
        </list-item>
      </list>
    </sec>
    <sec id="things-to-talk-about">
      <title>Things to talk about</title>
      <p>Difference between object detection and instance segmentation.
      The first on is easier to train because it only requires bounding
      boxes</p>
      <p>Open public tree datasets in several municipalities in France
      and in the Netherlands: sometimes no position</p>
    </sec>
  </sec>
  <sec id="models">
    <title>Models</title>
  </sec>
</sec>
<sec id="the-dataset">
  <title>The dataset</title>
</sec>
<sec id="the-model">
  <title>The model</title>
</sec>
<sec id="results">
  <title>Results</title>
</sec>
<sec id="conclusion">
  <title>Conclusion</title>
  <p>Blablabla</p>
</sec>
</body>

<back>
<ref-list>
  <title></title>
  <ref id="ref-FoMo-Bench">
    <element-citation publication-type="article-journal">
      <person-group person-group-type="author">
        <name><surname>Bountos</surname><given-names>Nikolaos Ioannis</given-names></name>
        <name><surname>Ouaknine</surname><given-names>Arthur</given-names></name>
        <name><surname>Rolnick</surname><given-names>David</given-names></name>
      </person-group>
      <article-title>FoMo-bench: A multi-modal, multi-scale and multi-task forest monitoring benchmark for remote sensing foundation models</article-title>
      <source>arXiv preprint arXiv:2312.10114</source>
      <year iso-8601-date="2023">2023</year>
      <uri>https://arxiv.org/abs/2312.10114</uri>
    </element-citation>
  </ref>
  <ref id="ref-OpenForest">
    <element-citation>
      <person-group person-group-type="author">
        <name><surname>Ouaknine</surname><given-names>Arthur</given-names></name>
        <name><surname>Kattenborn</surname><given-names>Teja</given-names></name>
        <name><surname>Laliberté</surname><given-names>Etienne</given-names></name>
        <name><surname>Rolnick</surname><given-names>David</given-names></name>
      </person-group>
      <article-title>OpenForest: A data catalogue for machine learning in forest monitoring</article-title>
      <year iso-8601-date="2023">2023</year>
      <uri>https://arxiv.org/abs/2311.00277</uri>
    </element-citation>
  </ref>
  <ref id="ref-NEON">
    <element-citation publication-type="article-journal">
      <person-group person-group-type="author">
        <name><surname>Weinstein</surname><given-names>Ben G.</given-names></name>
        <name><surname>Marconi</surname><given-names>Sergio</given-names></name>
        <name><surname>Bohlman</surname><given-names>Stephanie</given-names></name>
        <name><surname>Zare</surname><given-names>Alina</given-names></name>
        <name><surname>White</surname><given-names>Ethan</given-names></name>
      </person-group>
      <article-title>Individual tree-crown detection in RGB imagery using semi-supervised deep learning neural networks</article-title>
      <source>Remote Sensing</source>
      <year iso-8601-date="2019">2019</year>
      <volume>11</volume>
      <issue>11</issue>
      <issn>2072-4292</issn>
      <uri>https://www.mdpi.com/2072-4292/11/11/1309</uri>
      <pub-id pub-id-type="doi">10.3390/rs11111309</pub-id>
    </element-citation>
  </ref>
  <ref id="ref-ReforesTree">
    <element-citation>
      <person-group person-group-type="author">
        <name><surname>Reiersen</surname><given-names>Gyri</given-names></name>
        <name><surname>Dao</surname><given-names>David</given-names></name>
        <name><surname>Lütjens</surname><given-names>Björn</given-names></name>
        <name><surname>Klemmer</surname><given-names>Konstantin</given-names></name>
        <name><surname>Amara</surname><given-names>Kenza</given-names></name>
        <name><surname>Steinegger</surname><given-names>Attila</given-names></name>
        <name><surname>Zhang</surname><given-names>Ce</given-names></name>
        <name><surname>Zhu</surname><given-names>Xiaoxiang</given-names></name>
      </person-group>
      <article-title>ReforesTree: A dataset for estimating tropical forest carbon stock with deep learning and aerial imagery</article-title>
      <year iso-8601-date="2022">2022</year>
      <uri>https://arxiv.org/abs/2201.11192</uri>
    </element-citation>
  </ref>
  <ref id="ref-FOR-instance">
    <element-citation>
      <person-group person-group-type="author">
        <name><surname>Puliti</surname><given-names>Stefano</given-names></name>
        <name><surname>Pearse</surname><given-names>Grant</given-names></name>
        <name><surname>Surový</surname><given-names>Peter</given-names></name>
        <name><surname>Wallace</surname><given-names>Luke</given-names></name>
        <name><surname>Hollaus</surname><given-names>Markus</given-names></name>
        <name><surname>Wielgosz</surname><given-names>Maciej</given-names></name>
        <name><surname>Astrup</surname><given-names>Rasmus</given-names></name>
      </person-group>
      <article-title>FOR-instance: A UAV laser scanning benchmark dataset for semantic and instance segmentation of individual trees</article-title>
      <year iso-8601-date="2023">2023</year>
      <uri>https://arxiv.org/abs/2309.01279</uri>
    </element-citation>
  </ref>
  <ref id="ref-MDAS">
    <element-citation publication-type="article-journal">
      <person-group person-group-type="author">
        <name><surname>Hu</surname><given-names>J.</given-names></name>
        <name><surname>Liu</surname><given-names>R.</given-names></name>
        <name><surname>Hong</surname><given-names>D.</given-names></name>
        <name><surname>Camero</surname><given-names>A.</given-names></name>
        <name><surname>Yao</surname><given-names>J.</given-names></name>
        <name><surname>Schneider</surname><given-names>M.</given-names></name>
        <name><surname>Kurz</surname><given-names>F.</given-names></name>
        <name><surname>Segl</surname><given-names>K.</given-names></name>
        <name><surname>Zhu</surname><given-names>X. X.</given-names></name>
      </person-group>
      <article-title>MDAS: A new multimodal benchmark dataset for remote sensing</article-title>
      <source>Earth System Science Data</source>
      <year iso-8601-date="2023">2023</year>
      <volume>15</volume>
      <issue>1</issue>
      <uri>https://essd.copernicus.org/articles/15/113/2023/</uri>
      <pub-id pub-id-type="doi">10.5194/essd-15-113-2023</pub-id>
      <fpage>113</fpage>
      <lpage>131</lpage>
    </element-citation>
  </ref>
  <ref id="ref-TALLO">
    <element-citation publication-type="article-journal">
      <person-group person-group-type="author">
        <name><surname>Jucker</surname><given-names>Tommaso</given-names></name>
        <name><surname>Fischer</surname><given-names>Fabian Jörg</given-names></name>
        <name><surname>Chave</surname><given-names>Jérôme</given-names></name>
        <name><surname>Coomes</surname><given-names>David A.</given-names></name>
        <name><surname>Caspersen</surname><given-names>John</given-names></name>
        <name><surname>Ali</surname><given-names>Arshad</given-names></name>
        <name><surname>Loubota Panzou</surname><given-names>Grace Jopaul</given-names></name>
        <name><surname>Feldpausch</surname><given-names>Ted R.</given-names></name>
        <name><surname>Falster</surname><given-names>Daniel</given-names></name>
        <name><surname>Usoltsev</surname><given-names>Vladimir A.</given-names></name>
        <name><surname>Adu-Bredu</surname><given-names>Stephen</given-names></name>
        <name><surname>Alves</surname><given-names>Luciana F.</given-names></name>
        <name><surname>Aminpour</surname><given-names>Mohammad</given-names></name>
        <name><surname>Angoboy</surname><given-names>Ilondea B.</given-names></name>
        <name><surname>Anten</surname><given-names>Niels P. R.</given-names></name>
        <name><surname>Antin</surname><given-names>Cécile</given-names></name>
        <name><surname>Askari</surname><given-names>Yousef</given-names></name>
        <name><surname>Muñoz</surname><given-names>Rodrigo</given-names></name>
        <name><surname>Ayyappan</surname><given-names>Narayanan</given-names></name>
        <name><surname>Balvanera</surname><given-names>Patricia</given-names></name>
        <name><surname>Banin</surname><given-names>Lindsay</given-names></name>
        <name><surname>Barbier</surname><given-names>Nicolas</given-names></name>
        <name><surname>Battles</surname><given-names>John J.</given-names></name>
        <name><surname>Beeckman</surname><given-names>Hans</given-names></name>
        <name><surname>Bocko</surname><given-names>Yannick E.</given-names></name>
        <name><surname>Bond-Lamberty</surname><given-names>Ben</given-names></name>
        <name><surname>Bongers</surname><given-names>Frans</given-names></name>
        <name><surname>Bowers</surname><given-names>Samuel</given-names></name>
        <name><surname>Brade</surname><given-names>Thomas</given-names></name>
        <name><surname>Breugel</surname><given-names>Michiel van</given-names></name>
        <name><surname>Chantrain</surname><given-names>Arthur</given-names></name>
        <name><surname>Chaudhary</surname><given-names>Rajeev</given-names></name>
        <name><surname>Dai</surname><given-names>Jingyu</given-names></name>
        <name><surname>Dalponte</surname><given-names>Michele</given-names></name>
        <name><surname>Dimobe</surname><given-names>Kangbéni</given-names></name>
        <name><surname>Domec</surname><given-names>Jean-Christophe</given-names></name>
        <name><surname>Doucet</surname><given-names>Jean-Louis</given-names></name>
        <name><surname>Duursma</surname><given-names>Remko A.</given-names></name>
        <name><surname>Enríquez</surname><given-names>Moisés</given-names></name>
        <name><surname>Ewijk</surname><given-names>Karin Y. van</given-names></name>
        <name><surname>Farfán-Rios</surname><given-names>William</given-names></name>
        <name><surname>Fayolle</surname><given-names>Adeline</given-names></name>
        <name><surname>Forni</surname><given-names>Eric</given-names></name>
        <name><surname>Forrester</surname><given-names>David I.</given-names></name>
        <name><surname>Gilani</surname><given-names>Hammad</given-names></name>
        <name><surname>Godlee</surname><given-names>John L.</given-names></name>
        <name><surname>Gourlet-Fleury</surname><given-names>Sylvie</given-names></name>
        <name><surname>Haeni</surname><given-names>Matthias</given-names></name>
        <name><surname>Hall</surname><given-names>Jefferson S.</given-names></name>
        <name><surname>He</surname><given-names>Jie-Kun</given-names></name>
        <name><surname>Hemp</surname><given-names>Andreas</given-names></name>
        <name><surname>Hernández-Stefanoni</surname><given-names>José L.</given-names></name>
        <name><surname>Higgins</surname><given-names>Steven I.</given-names></name>
        <name><surname>Holdaway</surname><given-names>Robert J.</given-names></name>
        <name><surname>Hussain</surname><given-names>Kiramat</given-names></name>
        <name><surname>Hutley</surname><given-names>Lindsay B.</given-names></name>
        <name><surname>Ichie</surname><given-names>Tomoaki</given-names></name>
        <name><surname>Iida</surname><given-names>Yoshiko</given-names></name>
        <name><surname>Jiang</surname><given-names>Hai-sheng</given-names></name>
        <name><surname>Joshi</surname><given-names>Puspa Raj</given-names></name>
        <name><surname>Kaboli</surname><given-names>Hasan</given-names></name>
        <name><surname>Larsary</surname><given-names>Maryam Kazempour</given-names></name>
        <name><surname>Kenzo</surname><given-names>Tanaka</given-names></name>
        <name><surname>Kloeppel</surname><given-names>Brian D.</given-names></name>
        <name><surname>Kohyama</surname><given-names>Takashi</given-names></name>
        <name><surname>Kunwar</surname><given-names>Suwash</given-names></name>
        <name><surname>Kuyah</surname><given-names>Shem</given-names></name>
        <name><surname>Kvasnica</surname><given-names>Jakub</given-names></name>
        <name><surname>Lin</surname><given-names>Siliang</given-names></name>
        <name><surname>Lines</surname><given-names>Emily R.</given-names></name>
        <name><surname>Liu</surname><given-names>Hongyan</given-names></name>
        <name><surname>Lorimer</surname><given-names>Craig</given-names></name>
        <name><surname>Loumeto</surname><given-names>Jean-Joël</given-names></name>
        <name><surname>Malhi</surname><given-names>Yadvinder</given-names></name>
        <name><surname>Marshall</surname><given-names>Peter L.</given-names></name>
        <name><surname>Mattsson</surname><given-names>Eskil</given-names></name>
        <name><surname>Matula</surname><given-names>Radim</given-names></name>
        <name><surname>Meave</surname><given-names>Jorge A.</given-names></name>
        <name><surname>Mensah</surname><given-names>Sylvanus</given-names></name>
        <name><surname>Mi</surname><given-names>Xiangcheng</given-names></name>
        <name><surname>Momo</surname><given-names>Stéphane</given-names></name>
        <name><surname>Moncrieff</surname><given-names>Glenn R.</given-names></name>
        <name><surname>Mora</surname><given-names>Francisco</given-names></name>
        <name><surname>Nissanka</surname><given-names>Sarath P.</given-names></name>
        <name><surname>O’Hara</surname><given-names>Kevin L.</given-names></name>
        <name><surname>Pearce</surname><given-names>Steven</given-names></name>
        <name><surname>Pelissier</surname><given-names>Raphaël</given-names></name>
        <name><surname>Peri</surname><given-names>Pablo L.</given-names></name>
        <name><surname>Ploton</surname><given-names>Pierre</given-names></name>
        <name><surname>Poorter</surname><given-names>Lourens</given-names></name>
        <name><surname>Pour</surname><given-names>Mohsen Javanmiri</given-names></name>
        <name><surname>Pourbabaei</surname><given-names>Hassan</given-names></name>
        <name><surname>Dupuy-Rada</surname><given-names>Juan Manuel</given-names></name>
        <name><surname>Ribeiro</surname><given-names>Sabina C.</given-names></name>
        <name><surname>Ryan</surname><given-names>Casey</given-names></name>
        <name><surname>Sanaei</surname><given-names>Anvar</given-names></name>
        <name><surname>Sanger</surname><given-names>Jennifer</given-names></name>
        <name><surname>Schlund</surname><given-names>Michael</given-names></name>
        <name><surname>Sellan</surname><given-names>Giacomo</given-names></name>
        <name><surname>Shenkin</surname><given-names>Alexander</given-names></name>
        <name><surname>Sonké</surname><given-names>Bonaventure</given-names></name>
        <name><surname>Sterck</surname><given-names>Frank J.</given-names></name>
        <name><surname>Svátek</surname><given-names>Martin</given-names></name>
        <name><surname>Takagi</surname><given-names>Kentaro</given-names></name>
        <name><surname>Trugman</surname><given-names>Anna T.</given-names></name>
        <name><surname>Ullah</surname><given-names>Farman</given-names></name>
        <name><surname>Vadeboncoeur</surname><given-names>Matthew A.</given-names></name>
        <name><surname>Valipour</surname><given-names>Ahmad</given-names></name>
        <name><surname>Vanderwel</surname><given-names>Mark C.</given-names></name>
        <name><surname>Vovides</surname><given-names>Alejandra G.</given-names></name>
        <name><surname>Wang</surname><given-names>Weiwei</given-names></name>
        <name><surname>Wang</surname><given-names>Li-Qiu</given-names></name>
        <name><surname>Wirth</surname><given-names>Christian</given-names></name>
        <name><surname>Woods</surname><given-names>Murray</given-names></name>
        <name><surname>Xiang</surname><given-names>Wenhua</given-names></name>
        <name><surname>Ximenes</surname><given-names>Fabiano de Aquino</given-names></name>
        <name><surname>Xu</surname><given-names>Yaozhan</given-names></name>
        <name><surname>Yamada</surname><given-names>Toshihiro</given-names></name>
        <name><surname>Zavala</surname><given-names>Miguel A.</given-names></name>
      </person-group>
      <article-title>Tallo: A global tree allometry and crown architecture database</article-title>
      <source>Global Change Biology</source>
      <year iso-8601-date="2022">2022</year>
      <volume>28</volume>
      <issue>17</issue>
      <uri>https://onlinelibrary.wiley.com/doi/abs/10.1111/gcb.16302</uri>
      <pub-id pub-id-type="doi">https://doi.org/10.1111/gcb.16302</pub-id>
      <fpage>5254</fpage>
      <lpage>5268</lpage>
    </element-citation>
  </ref>
  <ref id="ref-MillionTrees">
    <element-citation publication-type="webpage">
      <person-group person-group-type="author">
        <name><surname>Weinstein</surname><given-names>Ben</given-names></name>
      </person-group>
      <article-title>MillionTrees</article-title>
      <year iso-8601-date="2023">2023</year>
      <date-in-citation content-type="access-date"><year iso-8601-date="2024-07-08">2024</year><month>07</month><day>08</day></date-in-citation>
      <uri>https://milliontrees.idtrees.org/</uri>
    </element-citation>
  </ref>
  <ref id="ref-WildForest3D">
    <element-citation>
      <person-group person-group-type="author">
        <name><surname>Kalinicheva</surname><given-names>Ekaterina</given-names></name>
        <name><surname>Landrieu</surname><given-names>Loic</given-names></name>
        <name><surname>Mallet</surname><given-names>Clément</given-names></name>
        <name><surname>Chehata</surname><given-names>Nesrine</given-names></name>
      </person-group>
      <article-title>Multi-layer modeling of dense vegetation from aerial LiDAR scans</article-title>
      <year iso-8601-date="2022">2022</year>
      <uri>https://arxiv.org/abs/2204.11620</uri>
    </element-citation>
  </ref>
</ref-list>
</back>



</article>