accumulate,lr,prefix,proba_drop_chm,proba_drop_rgb,repartition_name,best_epoch,model_name,Data used for evaluation,Best sortedAP
24,0.006,exp1,0.1,0.1,exp1,91,exp1_9f49f32030a14cc998bf9d6e276a0968,"RGB, CIR and CHM",0.11215877299183717
24,0.006,exp1,0.1,0.1,exp1,91,exp1_9f49f32030a14cc998bf9d6e276a0968,RGB and CIR,0.23942940403083546
24,0.006,exp1,0.1,0.1,exp1,91,exp1_9f49f32030a14cc998bf9d6e276a0968,CHM only,0.08623807276585532
6,0.01,exp2,0.0,0.0,exp2,131,exp2_9b271d254c124507bf96b5608e069836,"RGB, CIR and CHM",0.07926980233187328
6,0.01,exp2,0.0,0.0,exp2,131,exp2_9b271d254c124507bf96b5608e069836,RGB and CIR,0.10666512058667806
6,0.01,exp2,0.0,0.0,exp2,131,exp2_9b271d254c124507bf96b5608e069836,CHM only,0.07278116479709794
24,0.01,exp1,0.0,0.0,exp1,65,exp1_a6f41aea2c484a22b5f6573c61b9ffd6,"RGB, CIR and CHM",0.2865611367348304
24,0.01,exp1,0.0,0.0,exp1,65,exp1_a6f41aea2c484a22b5f6573c61b9ffd6,RGB and CIR,0.14640898735718808
24,0.01,exp1,0.0,0.0,exp1,65,exp1_a6f41aea2c484a22b5f6573c61b9ffd6,CHM only,0.11581210467151325
12,0.006,exp1,0.1,0.1,exp1,68,exp1_82cdfbf139a946348bfe9af511091760,"RGB, CIR and CHM",0.14528081701831097
12,0.006,exp1,0.1,0.1,exp1,68,exp1_82cdfbf139a946348bfe9af511091760,RGB and CIR,0.27370487983366415
12,0.006,exp1,0.1,0.1,exp1,68,exp1_82cdfbf139a946348bfe9af511091760,CHM only,0.09806730882155297
6,0.0025,exp1,0.0,0.0,exp1,45,exp1_8d23c3b0b7c84e788825aedbb73788dc,"RGB, CIR and CHM",0.3000616269537283
6,0.0025,exp1,0.0,0.0,exp1,45,exp1_8d23c3b0b7c84e788825aedbb73788dc,RGB and CIR,0.16910552727405456
6,0.0025,exp1,0.0,0.0,exp1,45,exp1_8d23c3b0b7c84e788825aedbb73788dc,CHM only,0.18438589897237595
6,0.006,exp1,0.0,0.0,exp1,48,exp1_e0a06ba394584cfa98db76cb60a1c08a,"RGB, CIR and CHM",0.28650834425863475
6,0.006,exp1,0.0,0.0,exp1,48,exp1_e0a06ba394584cfa98db76cb60a1c08a,RGB and CIR,0.04067549731765228
6,0.006,exp1,0.0,0.0,exp1,48,exp1_e0a06ba394584cfa98db76cb60a1c08a,CHM only,0.13074245345459015
6,0.01,exp2,0.333,0.333,exp2,76,exp2_cd282e14389e4a49a0d4474b79b39c52,"RGB, CIR and CHM",0.20876529326591095
6,0.01,exp2,0.333,0.333,exp2,76,exp2_cd282e14389e4a49a0d4474b79b39c52,RGB and CIR,0.2312732231500403
6,0.01,exp2,0.333,0.333,exp2,76,exp2_cd282e14389e4a49a0d4474b79b39c52,CHM only,0.07565242667316709
6,0.0025,exp3,0.0,0.0,exp3,25,exp3_c3f61c2c9d7942bcabc379770ff790ac,"RGB, CIR and CHM",0.25396613517395855
6,0.0025,exp3,0.0,0.0,exp3,25,exp3_c3f61c2c9d7942bcabc379770ff790ac,RGB and CIR,0.06700150695257508
6,0.0025,exp3,0.0,0.0,exp3,25,exp3_c3f61c2c9d7942bcabc379770ff790ac,CHM only,0.14400822289626558
6,0.006,exp3,0.0,0.0,exp3,110,exp3_9d4d93db90664aaea63a69cbf014671c,"RGB, CIR and CHM",0.25035746966190653
6,0.006,exp3,0.0,0.0,exp3,110,exp3_9d4d93db90664aaea63a69cbf014671c,RGB and CIR,0.05350773401730585
6,0.006,exp3,0.0,0.0,exp3,110,exp3_9d4d93db90664aaea63a69cbf014671c,CHM only,0.11776135543431988
12,0.006,exp3,0.1,0.1,exp3,83,exp3_d2f1e242ff5642d99d09f20a6a6fda14,"RGB, CIR and CHM",0.1409024087320062
12,0.006,exp3,0.1,0.1,exp3,83,exp3_d2f1e242ff5642d99d09f20a6a6fda14,RGB and CIR,0.2649100204764341
12,0.006,exp3,0.1,0.1,exp3,83,exp3_d2f1e242ff5642d99d09f20a6a6fda14,CHM only,0.08326651992015137
6,0.006,exp2,0.0,0.0,exp2,60,exp2_39df4d883d6b4479a8dec9857e537b39,"RGB, CIR and CHM",0.13049903527475892
6,0.006,exp2,0.0,0.0,exp2,60,exp2_39df4d883d6b4479a8dec9857e537b39,RGB and CIR,0.053230031665839554
6,0.006,exp2,0.0,0.0,exp2,60,exp2_39df4d883d6b4479a8dec9857e537b39,CHM only,0.08286014449738317
24,0.006,exp1,0.0,0.0,exp1,69,exp1_7ff0171c1dd044e3a0ed739c9a0b9157,"RGB, CIR and CHM",0.26332230283460445
24,0.006,exp1,0.0,0.0,exp1,69,exp1_7ff0171c1dd044e3a0ed739c9a0b9157,RGB and CIR,0.17432405707914794
24,0.006,exp1,0.0,0.0,exp1,69,exp1_7ff0171c1dd044e3a0ed739c9a0b9157,CHM only,0.1505281599297761
12,0.006,exp2,0.0,0.0,exp2,65,exp2_df48d4687ab5429cae858adc979090b1,"RGB, CIR and CHM",0.21635096947337568
12,0.006,exp2,0.0,0.0,exp2,65,exp2_df48d4687ab5429cae858adc979090b1,RGB and CIR,0.11338780637273183
12,0.006,exp2,0.0,0.0,exp2,65,exp2_df48d4687ab5429cae858adc979090b1,CHM only,0.0955148068140529
12,0.0025,exp1,0.1,0.1,exp1,67,exp1_faa46c63572b46b588194e18aa758700,"RGB, CIR and CHM",0.25791449754143797
12,0.0025,exp1,0.1,0.1,exp1,67,exp1_faa46c63572b46b588194e18aa758700,RGB and CIR,0.24520502709874914
12,0.0025,exp1,0.1,0.1,exp1,67,exp1_faa46c63572b46b588194e18aa758700,CHM only,0.19558140256093703
24,0.0025,exp2,0.1,0.1,exp2,88,exp2_a21d021fa4774ce490f89f7dff49841c,"RGB, CIR and CHM",0.25741920068897955
24,0.0025,exp2,0.1,0.1,exp2,88,exp2_a21d021fa4774ce490f89f7dff49841c,RGB and CIR,0.20755273387112172
24,0.0025,exp2,0.1,0.1,exp2,88,exp2_a21d021fa4774ce490f89f7dff49841c,CHM only,0.18597057545578066
12,0.0025,exp2,0.333,0.333,exp2,95,exp2_a2ffce792b404b9286ca1bf8dd694129,"RGB, CIR and CHM",0.21809733959591437
12,0.0025,exp2,0.333,0.333,exp2,95,exp2_a2ffce792b404b9286ca1bf8dd694129,RGB and CIR,0.21884188161925566
12,0.0025,exp2,0.333,0.333,exp2,95,exp2_a2ffce792b404b9286ca1bf8dd694129,CHM only,0.08995942621331518
12,0.006,exp1,0.333,0.333,exp1,105,exp1_d05c950577a54f429d9c4539c9551373,"RGB, CIR and CHM",0.23309074279806807
12,0.006,exp1,0.333,0.333,exp1,105,exp1_d05c950577a54f429d9c4539c9551373,RGB and CIR,0.2634963342420425
12,0.006,exp1,0.333,0.333,exp1,105,exp1_d05c950577a54f429d9c4539c9551373,CHM only,0.12582591072357882
6,0.01,exp1,0.1,0.1,exp1,78,exp1_39037259024e4d228b043115c6d2d15b,"RGB, CIR and CHM",0.20607899619027212
6,0.01,exp1,0.1,0.1,exp1,78,exp1_39037259024e4d228b043115c6d2d15b,RGB and CIR,0.28405558378478307
6,0.01,exp1,0.1,0.1,exp1,78,exp1_39037259024e4d228b043115c6d2d15b,CHM only,0.12453106744455954
12,0.006,exp2,0.1,0.1,exp2,94,exp2_8cc912b4056440f1b25e8b08b1b57cc0,"RGB, CIR and CHM",0.12231415931859113
12,0.006,exp2,0.1,0.1,exp2,94,exp2_8cc912b4056440f1b25e8b08b1b57cc0,RGB and CIR,0.22943263276561604
12,0.006,exp2,0.1,0.1,exp2,94,exp2_8cc912b4056440f1b25e8b08b1b57cc0,CHM only,0.1037918181624742
6,0.01,exp1,0.333,0.333,exp1,83,exp1_0b3574521c354c61908c289e12eabc56,"RGB, CIR and CHM",0.22402760074514855
6,0.01,exp1,0.333,0.333,exp1,83,exp1_0b3574521c354c61908c289e12eabc56,RGB and CIR,0.2802827538007909
6,0.01,exp1,0.333,0.333,exp1,83,exp1_0b3574521c354c61908c289e12eabc56,CHM only,0.1413048532809787
6,0.006,exp3,0.333,0.333,exp3,132,exp3_f140d99882834c89accf92b07ee59921,"RGB, CIR and CHM",0.12345096074713695
6,0.006,exp3,0.333,0.333,exp3,132,exp3_f140d99882834c89accf92b07ee59921,RGB and CIR,0.08184355117451546
6,0.006,exp3,0.333,0.333,exp3,132,exp3_f140d99882834c89accf92b07ee59921,CHM only,0.12528218814271874
6,0.01,exp1,0.0,0.0,exp1,81,exp1_667c2cc0431444f5ab78ac0745a6b5bd,"RGB, CIR and CHM",0.24913952489232088
6,0.01,exp1,0.0,0.0,exp1,81,exp1_667c2cc0431444f5ab78ac0745a6b5bd,RGB and CIR,0.07599120073180614
6,0.01,exp1,0.0,0.0,exp1,81,exp1_667c2cc0431444f5ab78ac0745a6b5bd,CHM only,0.10832266182681076
24,0.006,exp3,0.1,0.1,exp3,118,exp3_7fe89edaf8ee42f1b3f0862e02557369,"RGB, CIR and CHM",0.27797131019514615
24,0.006,exp3,0.1,0.1,exp3,118,exp3_7fe89edaf8ee42f1b3f0862e02557369,RGB and CIR,0.24600774508665535
24,0.006,exp3,0.1,0.1,exp3,118,exp3_7fe89edaf8ee42f1b3f0862e02557369,CHM only,0.19384872222800498
12,0.006,exp3,0.333,0.333,exp3,86,exp3_9ba360051c4e4412817a4421f873276c,"RGB, CIR and CHM",0.1659030202935357
12,0.006,exp3,0.333,0.333,exp3,86,exp3_9ba360051c4e4412817a4421f873276c,RGB and CIR,0.23067764515137046
12,0.006,exp3,0.333,0.333,exp3,86,exp3_9ba360051c4e4412817a4421f873276c,CHM only,0.08389354244157976
12,0.01,exp1,0.333,0.333,exp1,149,exp1_f00c65285d4c4fa398efed5043ccac52,"RGB, CIR and CHM",0.16282333455681758
12,0.01,exp1,0.333,0.333,exp1,149,exp1_f00c65285d4c4fa398efed5043ccac52,RGB and CIR,0.2639389770080709
12,0.01,exp1,0.333,0.333,exp1,149,exp1_f00c65285d4c4fa398efed5043ccac52,CHM only,0.09011416986721173
12,0.01,exp2,0.0,0.0,exp2,53,exp2_cc38f8d6e9f14e8ca8082539160d374c,"RGB, CIR and CHM",0.1409818329058863
12,0.01,exp2,0.0,0.0,exp2,53,exp2_cc38f8d6e9f14e8ca8082539160d374c,RGB and CIR,0.09207625188477825
12,0.01,exp2,0.0,0.0,exp2,53,exp2_cc38f8d6e9f14e8ca8082539160d374c,CHM only,0.09490292612002958
24,0.01,exp1,0.1,0.1,exp1,105,exp1_49cd735505e84a99a3dbfc092ba49587,"RGB, CIR and CHM",0.13222733856659913
24,0.01,exp1,0.1,0.1,exp1,105,exp1_49cd735505e84a99a3dbfc092ba49587,RGB and CIR,0.2518408773000477
24,0.01,exp1,0.1,0.1,exp1,105,exp1_49cd735505e84a99a3dbfc092ba49587,CHM only,0.09351630551585942
6,0.01,exp3,0.333,0.333,exp3,123,exp3_e23d517e6ab4473eb532829cf9b5f23b,"RGB, CIR and CHM",0.13358259933046224
6,0.01,exp3,0.333,0.333,exp3,123,exp3_e23d517e6ab4473eb532829cf9b5f23b,RGB and CIR,0.2609606802790343
6,0.01,exp3,0.333,0.333,exp3,123,exp3_e23d517e6ab4473eb532829cf9b5f23b,CHM only,0.08876691137691027
12,0.01,exp2,0.333,0.333,exp2,98,exp2_d6bae751451045c582b1a2c1f816da31,"RGB, CIR and CHM",0.09979835698694549
12,0.01,exp2,0.333,0.333,exp2,98,exp2_d6bae751451045c582b1a2c1f816da31,RGB and CIR,0.2272890000805894
12,0.01,exp2,0.333,0.333,exp2,98,exp2_d6bae751451045c582b1a2c1f816da31,CHM only,0.08416680902567929
12,0.0025,exp2,0.1,0.1,exp2,69,exp2_ae0e3c60209e407eb1057e43f6a6003a,"RGB, CIR and CHM",0.2535371994199336
12,0.0025,exp2,0.1,0.1,exp2,69,exp2_ae0e3c60209e407eb1057e43f6a6003a,RGB and CIR,0.2202809618179032
12,0.0025,exp2,0.1,0.1,exp2,69,exp2_ae0e3c60209e407eb1057e43f6a6003a,CHM only,0.18087885249716618
6,0.0025,exp3,0.333,0.333,exp3,74,exp3_c19971c78803484ab5c376ad58382148,"RGB, CIR and CHM",0.26543540805016164
6,0.0025,exp3,0.333,0.333,exp3,74,exp3_c19971c78803484ab5c376ad58382148,RGB and CIR,0.225672433244024
6,0.0025,exp3,0.333,0.333,exp3,74,exp3_c19971c78803484ab5c376ad58382148,CHM only,0.21095350023797632
24,0.006,exp2,0.333,0.333,exp2,140,exp2_0d98cdffae95434e82f71a96d6802afa,"RGB, CIR and CHM",0.2636324449632086
24,0.006,exp2,0.333,0.333,exp2,140,exp2_0d98cdffae95434e82f71a96d6802afa,RGB and CIR,0.24799903068111065
24,0.006,exp2,0.333,0.333,exp2,140,exp2_0d98cdffae95434e82f71a96d6802afa,CHM only,0.1593677587872282
6,0.0025,exp2,0.0,0.0,exp2,33,exp2_1d9893a10436488d8b8e50d35242551b,"RGB, CIR and CHM",0.24662312467302755
6,0.0025,exp2,0.0,0.0,exp2,33,exp2_1d9893a10436488d8b8e50d35242551b,RGB and CIR,0.08126274762214163
6,0.0025,exp2,0.0,0.0,exp2,33,exp2_1d9893a10436488d8b8e50d35242551b,CHM only,0.13560357408183468
12,0.0025,exp3,0.0,0.0,exp3,47,exp3_96422805259049789962ff559c5d1ddd,"RGB, CIR and CHM",0.26096997174683684
12,0.0025,exp3,0.0,0.0,exp3,47,exp3_96422805259049789962ff559c5d1ddd,RGB and CIR,0.04127311048813312
12,0.0025,exp3,0.0,0.0,exp3,47,exp3_96422805259049789962ff559c5d1ddd,CHM only,0.15508039440614582
6,0.0025,exp1,0.333,0.333,exp1,59,exp1_5211496a7a874ae4967a21b77c0e4ae9,"RGB, CIR and CHM",0.1269839443744506
6,0.0025,exp1,0.333,0.333,exp1,59,exp1_5211496a7a874ae4967a21b77c0e4ae9,RGB and CIR,0.26315454044266157
6,0.0025,exp1,0.333,0.333,exp1,59,exp1_5211496a7a874ae4967a21b77c0e4ae9,CHM only,0.08876588889741056
12,0.01,exp3,0.1,0.1,exp3,122,exp3_d68811084b6749a8a576affbc7d08863,"RGB, CIR and CHM",0.2915249833057508
12,0.01,exp3,0.1,0.1,exp3,122,exp3_d68811084b6749a8a576affbc7d08863,RGB and CIR,0.2689724443090469
12,0.01,exp3,0.1,0.1,exp3,122,exp3_d68811084b6749a8a576affbc7d08863,CHM only,0.17672323702875142
12,0.006,exp1,0.0,0.0,exp1,53,exp1_2f14094a9095480ba729b3ecd9cc76e9,"RGB, CIR and CHM",0.22272195140334958
12,0.006,exp1,0.0,0.0,exp1,53,exp1_2f14094a9095480ba729b3ecd9cc76e9,RGB and CIR,0.1024762456660162
12,0.006,exp1,0.0,0.0,exp1,53,exp1_2f14094a9095480ba729b3ecd9cc76e9,CHM only,0.12368806848520496
24,0.006,exp2,0.0,0.0,exp2,73,exp2_6edca8d90e844d0190a7d5c42164c009,"RGB, CIR and CHM",0.25674710631416114
24,0.006,exp2,0.0,0.0,exp2,73,exp2_6edca8d90e844d0190a7d5c42164c009,RGB and CIR,0.15089874103910714
24,0.006,exp2,0.0,0.0,exp2,73,exp2_6edca8d90e844d0190a7d5c42164c009,CHM only,0.1078532874141135
24,0.01,exp2,0.1,0.1,exp2,85,exp2_22911f1ea4b44fbf95afe83e5f09dec1,"RGB, CIR and CHM",0.1810800250438672
24,0.01,exp2,0.1,0.1,exp2,85,exp2_22911f1ea4b44fbf95afe83e5f09dec1,RGB and CIR,0.1924539874429023
24,0.01,exp2,0.1,0.1,exp2,85,exp2_22911f1ea4b44fbf95afe83e5f09dec1,CHM only,0.10112338299130812
24,0.01,exp3,0.0,0.0,exp3,104,exp3_979a474078994d639422322ad777a9ec,"RGB, CIR and CHM",0.08102070835591763
24,0.01,exp3,0.0,0.0,exp3,104,exp3_979a474078994d639422322ad777a9ec,RGB and CIR,0.1375032677538182
24,0.01,exp3,0.0,0.0,exp3,104,exp3_979a474078994d639422322ad777a9ec,CHM only,0.07638886664966822
24,0.01,exp3,0.1,0.1,exp3,96,exp3_bee0fde7665744439002d3974f78b1cf,"RGB, CIR and CHM",0.11728327503863098
24,0.01,exp3,0.1,0.1,exp3,96,exp3_bee0fde7665744439002d3974f78b1cf,RGB and CIR,0.2509518143596888
24,0.01,exp3,0.1,0.1,exp3,96,exp3_bee0fde7665744439002d3974f78b1cf,CHM only,0.06857454326156537
6,0.006,exp2,0.333,0.333,exp2,91,exp2_9c49e9566f8e44d8afffd58cbe0b318d,"RGB, CIR and CHM",0.18839361283730596
6,0.006,exp2,0.333,0.333,exp2,91,exp2_9c49e9566f8e44d8afffd58cbe0b318d,RGB and CIR,0.23474333855850185
6,0.006,exp2,0.333,0.333,exp2,91,exp2_9c49e9566f8e44d8afffd58cbe0b318d,CHM only,0.09621632124501814
12,0.01,exp3,0.333,0.333,exp3,58,exp3_d5cd1055cb8c439bb0255f799266f2cb,"RGB, CIR and CHM",0.0287183619064651
12,0.01,exp3,0.333,0.333,exp3,58,exp3_d5cd1055cb8c439bb0255f799266f2cb,RGB and CIR,0.2466385698542797
12,0.01,exp3,0.333,0.333,exp3,58,exp3_d5cd1055cb8c439bb0255f799266f2cb,CHM only,0.027043265258929212
6,0.006,exp1,0.1,0.1,exp1,76,exp1_3f4a5318d3e14a249871b24fb90624a0,"RGB, CIR and CHM",0.16700809951862675
6,0.006,exp1,0.1,0.1,exp1,76,exp1_3f4a5318d3e14a249871b24fb90624a0,RGB and CIR,0.2615877350308027
6,0.006,exp1,0.1,0.1,exp1,76,exp1_3f4a5318d3e14a249871b24fb90624a0,CHM only,0.10029679580564281
12,0.006,exp3,0.0,0.0,exp3,85,exp3_ec896563edb0456a9b289bf179aaa755,"RGB, CIR and CHM",0.26649607137428666
12,0.006,exp3,0.0,0.0,exp3,85,exp3_ec896563edb0456a9b289bf179aaa755,RGB and CIR,0.020943120063185966
12,0.006,exp3,0.0,0.0,exp3,85,exp3_ec896563edb0456a9b289bf179aaa755,CHM only,0.11108221686967525
6,0.01,exp3,0.1,0.1,exp3,58,exp3_04c76b6e517d45f0b87718f5dddbf939,"RGB, CIR and CHM",0.2667392946938891
6,0.01,exp3,0.1,0.1,exp3,58,exp3_04c76b6e517d45f0b87718f5dddbf939,RGB and CIR,0.2475373938671231
6,0.01,exp3,0.1,0.1,exp3,58,exp3_04c76b6e517d45f0b87718f5dddbf939,CHM only,0.136313902511784
6,0.006,exp1,0.333,0.333,exp1,116,exp1_cdaf60b8add64e11b7ef83d551752ca6,"RGB, CIR and CHM",0.19752309756211145
6,0.006,exp1,0.333,0.333,exp1,116,exp1_cdaf60b8add64e11b7ef83d551752ca6,RGB and CIR,0.2779646563080482
6,0.006,exp1,0.333,0.333,exp1,116,exp1_cdaf60b8add64e11b7ef83d551752ca6,CHM only,0.10715694231691919
24,0.0025,exp1,0.333,0.333,exp1,119,exp1_86c5fd13f31543faadbefa3fe7b9fdf5,"RGB, CIR and CHM",0.211258015181011
24,0.0025,exp1,0.333,0.333,exp1,119,exp1_86c5fd13f31543faadbefa3fe7b9fdf5,RGB and CIR,0.19566660256547133
24,0.0025,exp1,0.333,0.333,exp1,119,exp1_86c5fd13f31543faadbefa3fe7b9fdf5,CHM only,0.20970822727903166
6,0.0025,exp2,0.1,0.1,exp2,83,exp2_0235a9e19ca944d69f9ec11e31bf69d5,"RGB, CIR and CHM",0.25415247064503926
6,0.0025,exp2,0.1,0.1,exp2,83,exp2_0235a9e19ca944d69f9ec11e31bf69d5,RGB and CIR,0.19852117212732331
6,0.0025,exp2,0.1,0.1,exp2,83,exp2_0235a9e19ca944d69f9ec11e31bf69d5,CHM only,0.1916864563040572
12,0.0025,exp1,0.333,0.333,exp1,76,exp1_60a4c0456b294be895e40cb7dfd4c2d3,"RGB, CIR and CHM",0.2511503854907583
12,0.0025,exp1,0.333,0.333,exp1,76,exp1_60a4c0456b294be895e40cb7dfd4c2d3,RGB and CIR,0.22827531464309542
12,0.0025,exp1,0.333,0.333,exp1,76,exp1_60a4c0456b294be895e40cb7dfd4c2d3,CHM only,0.18703750294589702
6,0.0025,exp3,0.1,0.1,exp3,66,exp3_ea710dbba14e49d5b453bc96ebfee6bb,"RGB, CIR and CHM",0.1503012109401131
6,0.0025,exp3,0.1,0.1,exp3,66,exp3_ea710dbba14e49d5b453bc96ebfee6bb,RGB and CIR,0.2348238375033258
6,0.0025,exp3,0.1,0.1,exp3,66,exp3_ea710dbba14e49d5b453bc96ebfee6bb,CHM only,0.10588336348543309
24,0.01,exp3,0.333,0.333,exp3,95,exp3_2b1e8c4144b449b9a4b8edc7d805f6b4,"RGB, CIR and CHM",0.23841647305414956
24,0.01,exp3,0.333,0.333,exp3,95,exp3_2b1e8c4144b449b9a4b8edc7d805f6b4,RGB and CIR,0.2494829494777178
24,0.01,exp3,0.333,0.333,exp3,95,exp3_2b1e8c4144b449b9a4b8edc7d805f6b4,CHM only,0.10184369009212589
12,0.01,exp1,0.0,0.0,exp1,63,exp1_014948f5b3874ffd8fa7d7f4476828cc,"RGB, CIR and CHM",0.31134536236196375
12,0.01,exp1,0.0,0.0,exp1,63,exp1_014948f5b3874ffd8fa7d7f4476828cc,RGB and CIR,0.16112504801779387
12,0.01,exp1,0.0,0.0,exp1,63,exp1_014948f5b3874ffd8fa7d7f4476828cc,CHM only,0.1857842349802724
6,0.01,exp2,0.1,0.1,exp2,82,exp2_273324e694374d95a99749b375f20613,"RGB, CIR and CHM",0.1884802755155612
6,0.01,exp2,0.1,0.1,exp2,82,exp2_273324e694374d95a99749b375f20613,RGB and CIR,0.026622480770099387
6,0.01,exp2,0.1,0.1,exp2,82,exp2_273324e694374d95a99749b375f20613,CHM only,0.10129459349403959
24,0.006,exp3,0.333,0.333,exp3,160,exp3_2d76fcf5a8754328b08e80c03d428c92,"RGB, CIR and CHM",0.2382915032492628
24,0.006,exp3,0.333,0.333,exp3,160,exp3_2d76fcf5a8754328b08e80c03d428c92,RGB and CIR,0.24643720561997834
24,0.006,exp3,0.333,0.333,exp3,160,exp3_2d76fcf5a8754328b08e80c03d428c92,CHM only,0.14468937907550153
24,0.01,exp1,0.333,0.333,exp1,115,exp1_6ae7a527637842c0affd2e1a447fab75,"RGB, CIR and CHM",0.1486200200650437
24,0.01,exp1,0.333,0.333,exp1,115,exp1_6ae7a527637842c0affd2e1a447fab75,RGB and CIR,0.2660406648348926
24,0.01,exp1,0.333,0.333,exp1,115,exp1_6ae7a527637842c0affd2e1a447fab75,CHM only,0.08703228254049244
6,0.0025,exp2,0.333,0.333,exp2,85,exp2_cf6ec0fa7e404f0b98c2b03bdfeaac19,"RGB, CIR and CHM",0.27006793689904424
6,0.0025,exp2,0.333,0.333,exp2,85,exp2_cf6ec0fa7e404f0b98c2b03bdfeaac19,RGB and CIR,0.23431090303337893
6,0.0025,exp2,0.333,0.333,exp2,85,exp2_cf6ec0fa7e404f0b98c2b03bdfeaac19,CHM only,0.21332115582251757
12,0.0025,exp2,0.0,0.0,exp2,44,exp2_2783c64e149248d1a825c15799c5e52c,"RGB, CIR and CHM",0.21822184671284386
12,0.0025,exp2,0.0,0.0,exp2,44,exp2_2783c64e149248d1a825c15799c5e52c,RGB and CIR,0.0747828150413931
12,0.0025,exp2,0.0,0.0,exp2,44,exp2_2783c64e149248d1a825c15799c5e52c,CHM only,0.13104225025830055
24,0.01,exp2,0.0,0.0,exp2,79,exp2_e6851955d1be40b0a88b65a565f4d3fd,"RGB, CIR and CHM",0.11339039300459917
24,0.01,exp2,0.0,0.0,exp2,79,exp2_e6851955d1be40b0a88b65a565f4d3fd,RGB and CIR,0.06019724455023181
24,0.01,exp2,0.0,0.0,exp2,79,exp2_e6851955d1be40b0a88b65a565f4d3fd,CHM only,0.07411651504074684
24,0.0025,exp2,0.333,0.333,exp2,181,exp2_cf03c631919647dc93ae9ea290183c4c,"RGB, CIR and CHM",0.2474001363934364
24,0.0025,exp2,0.333,0.333,exp2,181,exp2_cf03c631919647dc93ae9ea290183c4c,RGB and CIR,0.21916444733671456
24,0.0025,exp2,0.333,0.333,exp2,181,exp2_cf03c631919647dc93ae9ea290183c4c,CHM only,0.19082100035085073
12,0.01,exp3,0.0,0.0,exp3,65,exp3_c100b34708434332b7fce9f603541e84,"RGB, CIR and CHM",0.2675527030409705
12,0.01,exp3,0.0,0.0,exp3,65,exp3_c100b34708434332b7fce9f603541e84,RGB and CIR,0.04866539651021713
12,0.01,exp3,0.0,0.0,exp3,65,exp3_c100b34708434332b7fce9f603541e84,CHM only,0.03716010318405634
12,0.01,exp2,0.1,0.1,exp2,143,exp2_672a5e4ce9ca486a8fa03bf508b0a4c4,"RGB, CIR and CHM",0.14266508495543112
12,0.01,exp2,0.1,0.1,exp2,143,exp2_672a5e4ce9ca486a8fa03bf508b0a4c4,RGB and CIR,0.23339692754649213
12,0.01,exp2,0.1,0.1,exp2,143,exp2_672a5e4ce9ca486a8fa03bf508b0a4c4,CHM only,0.09182165223186108
24,0.01,exp2,0.333,0.333,exp2,113,exp2_a221988fa3e141e79ff02a04e23462e2,"RGB, CIR and CHM",0.11109250162438779
24,0.01,exp2,0.333,0.333,exp2,113,exp2_a221988fa3e141e79ff02a04e23462e2,RGB and CIR,0.22881061242871847
24,0.01,exp2,0.333,0.333,exp2,113,exp2_a221988fa3e141e79ff02a04e23462e2,CHM only,0.04037154182017817
12,0.006,exp2,0.333,0.333,exp2,143,exp2_74bbf6286e994e4a9cf7427e146e59e3,"RGB, CIR and CHM",0.20341854158095468
12,0.006,exp2,0.333,0.333,exp2,143,exp2_74bbf6286e994e4a9cf7427e146e59e3,RGB and CIR,0.2476193171940342
12,0.006,exp2,0.333,0.333,exp2,143,exp2_74bbf6286e994e4a9cf7427e146e59e3,CHM only,0.09762473081604382
12,0.0025,exp1,0.0,0.0,exp1,30,exp1_1297ddcfe6544cac94a3869c54bc5579,"RGB, CIR and CHM",0.25110567624781444
12,0.0025,exp1,0.0,0.0,exp1,30,exp1_1297ddcfe6544cac94a3869c54bc5579,RGB and CIR,0.1838487682838881
12,0.0025,exp1,0.0,0.0,exp1,30,exp1_1297ddcfe6544cac94a3869c54bc5579,CHM only,0.16939763742813688
24,0.0025,exp1,0.0,0.0,exp1,63,exp1_c1bfa3dadef9466ba41726098430edf6,"RGB, CIR and CHM",0.21078886747120984
24,0.0025,exp1,0.0,0.0,exp1,63,exp1_c1bfa3dadef9466ba41726098430edf6,RGB and CIR,0.12475918422768553
24,0.0025,exp1,0.0,0.0,exp1,63,exp1_c1bfa3dadef9466ba41726098430edf6,CHM only,0.005544079022678488
6,0.01,exp3,0.0,0.0,exp3,54,exp3_e81cbc319c214283859e327a94e5220f,"RGB, CIR and CHM",0.12392383583262623
6,0.01,exp3,0.0,0.0,exp3,54,exp3_e81cbc319c214283859e327a94e5220f,RGB and CIR,0.02547591629239206
6,0.01,exp3,0.0,0.0,exp3,54,exp3_e81cbc319c214283859e327a94e5220f,CHM only,0.08782651974933603
6,0.0025,exp1,0.1,0.1,exp1,56,exp1_48d3441d352243768a948d57a4386ec7,"RGB, CIR and CHM",0.2823264753167604
6,0.0025,exp1,0.1,0.1,exp1,56,exp1_48d3441d352243768a948d57a4386ec7,RGB and CIR,0.2208615856959201
6,0.0025,exp1,0.1,0.1,exp1,56,exp1_48d3441d352243768a948d57a4386ec7,CHM only,0.18968997670706841
24,0.006,exp1,0.333,0.333,exp1,131,exp1_2e26660e6c974d0a8b37c25d1adf2c42,"RGB, CIR and CHM",0.30462433709745296
24,0.006,exp1,0.333,0.333,exp1,131,exp1_2e26660e6c974d0a8b37c25d1adf2c42,RGB and CIR,0.2567337532054426
24,0.006,exp1,0.333,0.333,exp1,131,exp1_2e26660e6c974d0a8b37c25d1adf2c42,CHM only,0.20736011543595675
24,0.006,exp3,0.0,0.0,exp3,94,exp3_1ff27244ada14d0bb684fc4a4553af8c,"RGB, CIR and CHM",0.28410650750757555
24,0.006,exp3,0.0,0.0,exp3,94,exp3_1ff27244ada14d0bb684fc4a4553af8c,RGB and CIR,0.12446831958668411
24,0.006,exp3,0.0,0.0,exp3,94,exp3_1ff27244ada14d0bb684fc4a4553af8c,CHM only,0.16764393226224494
24,0.006,exp2,0.1,0.1,exp2,69,exp2_4678c164038344cdaa0ab6d0f8aa66c0,"RGB, CIR and CHM",0.16041052440828973
24,0.006,exp2,0.1,0.1,exp2,69,exp2_4678c164038344cdaa0ab6d0f8aa66c0,RGB and CIR,0.22547031686460237
24,0.006,exp2,0.1,0.1,exp2,69,exp2_4678c164038344cdaa0ab6d0f8aa66c0,CHM only,0.1073426095145257
24,0.0025,exp2,0.0,0.0,exp2,89,exp2_49cd2a5370564e7f80d5a9b9bce9a960,"RGB, CIR and CHM",0.16621765118554316
24,0.0025,exp2,0.0,0.0,exp2,89,exp2_49cd2a5370564e7f80d5a9b9bce9a960,RGB and CIR,0.13460995464206543
24,0.0025,exp2,0.0,0.0,exp2,89,exp2_49cd2a5370564e7f80d5a9b9bce9a960,CHM only,0.05904677521270383
6,0.006,exp3,0.1,0.1,exp3,96,exp3_c14b00503c21470c881ae50f8297475c,"RGB, CIR and CHM",0.2790012800598342
6,0.006,exp3,0.1,0.1,exp3,96,exp3_c14b00503c21470c881ae50f8297475c,RGB and CIR,0.2646131775227164
6,0.006,exp3,0.1,0.1,exp3,96,exp3_c14b00503c21470c881ae50f8297475c,CHM only,0.10705796528065027
12,0.01,exp1,0.1,0.1,exp1,101,exp1_156d09acf6c5483ead8281b66ca95362,"RGB, CIR and CHM",0.2257618932673563
12,0.01,exp1,0.1,0.1,exp1,101,exp1_156d09acf6c5483ead8281b66ca95362,RGB and CIR,0.26695041516534246
12,0.01,exp1,0.1,0.1,exp1,101,exp1_156d09acf6c5483ead8281b66ca95362,CHM only,0.11150790373551661
24,0.0025,exp1,0.1,0.1,exp1,94,exp1_db723b438ef04a17bc4d1f0a521a04c8,"RGB, CIR and CHM",0.2750609137964656
24,0.0025,exp1,0.1,0.1,exp1,94,exp1_db723b438ef04a17bc4d1f0a521a04c8,RGB and CIR,0.2195674013745238
24,0.0025,exp1,0.1,0.1,exp1,94,exp1_db723b438ef04a17bc4d1f0a521a04c8,CHM only,0.2190544202594366
6,0.006,exp2,0.1,0.1,exp2,99,exp2_695ebcd5903d492ba96e877741e7b7a3,"RGB, CIR and CHM",0.27528519507546284
6,0.006,exp2,0.1,0.1,exp2,99,exp2_695ebcd5903d492ba96e877741e7b7a3,RGB and CIR,0.22369708425539958
6,0.006,exp2,0.1,0.1,exp2,99,exp2_695ebcd5903d492ba96e877741e7b7a3,CHM only,0.22549195727588825
